Date,Open,High,Low,Close,Volume,Dividends,Stock Splits
2025-10-02,76.70427697145148,80.74032359001585,76.52037791920067,80.71128845214844,3828900,0.0,0.0
2025-10-03,80.67257074873099,81.49526496942899,79.96602446133721,80.13056182861328,2220000,0.0,0.0
2025-10-06,80.55643263980883,81.64045051287928,79.81116296775497,81.46623229980469,1654800,0.0,0.0
2025-10-07,81.76627694455858,82.87932992382052,81.75659610402165,81.90177917480469,1240600,0.0,0.0
2025-10-08,81.9017790506035,82.10503239566444,80.87582410045884,81.62109375,1379700,0.0,0.0
2025-10-09,82.45347529602405,83.3923175239412,82.06632287218049,83.00516510009766,1838800,0.0,0.0
2025-10-10,82.15342095615155,82.29860402517077,80.11119930241595,81.1468276977539,1407300,0.0,0.0
2025-10-14,80.13056945305115,81.4662375837093,78.68359010659935,78.82393646240234,2969700,0.0,0.0
2025-10-15,79.17236746798159,79.93698405005398,78.65938628725046,79.036865234375,1362600,0.0,0.0
2025-10-16,78.80457055191488,79.1723686638177,76.19130471081026,76.7236328125,812500,0.0,0.0
2025-10-17,76.51070209144525,78.23352247181576,76.45262443319258,77.88508605957031,1157700,0.0,0.0
2025-10-20,77.67214821513137,78.98846184727961,77.67214821513137,78.21415710449219,1510600,0.0,0.0
2025-10-21,78.17545376970997,78.46581994128611,75.97837533708795,76.03644561767578,2376400,0.0,0.0
2025-10-22,75.97836807799098,77.16886040652939,75.32989205898835,76.87849426269531,1642300,0.0,0.0
2025-10-23,77.08174736037023,78.63034955906902,77.08174736037023,78.2722396850586,2175000,0.0,0.0
2025-10-24,78.64002806627735,79.12396670053137,78.3787044528799,78.8045654296875,1038200,0.0,0.0
2025-10-27,78.87232087685389,79.56919372996107,77.81733814068515,77.9238052368164,1950800,0.0,0.0
2025-10-28,77.8173301995904,78.05929950532027,76.70426991636954,76.89784240722656,989300,0.0,0.0
2025-10-29,77.01400047832601,77.09143243859675,75.62993557183869,76.18162536621094,775700,0.0,0.0
2025-10-30,75.63960846719941,75.85254264341667,73.52963576953711,73.56835174560547,1088900,0.0,0.0
2025-10-31,73.57802472967509,74.7781978271476,73.5586704339237,73.93614196777344,1462800,0.0,0.0
2025-11-03,74.12004876445104,74.94274302986193,73.51996215290805,74.21683502197266,2183300,0.0,0.0
2025-11-04,73.6070641106208,73.7716014626013,72.36817509016366,73.15216064453125,3184300,0.0,0.0
2025-11-05,73.63610655258975,74.89434260851932,73.37477554709453,73.80064392089844,1097200,0.0,0.0
2025-11-06,74.23618995491927,76.86398080580743,74.23618995491927,75.99772644042969,2122300,0.0,0.0
2025-11-07,76.10418316398902,77.66246607921579,75.32020497862894,77.26564025878906,874000,0.0,0.0
2025-11-10,77.37211540618141,80.33381764555381,77.26564831012259,79.97570037841797,1631600,0.0,0.0
2025-11-11,80.29510570338113,80.97262429275526,79.86923729773558,80.48868560791016,1452100,0.0,0.0
2025-11-12,80.30477979998443,81.97920337369739,80.14991588936805,81.52430725097656,1374600,0.0,0.0
2025-11-13,81.60174085252756,82.41476170460218,79.48209437769565,79.95635223388672,2944700,0.0,0.0
2025-11-14,79.80148263531592,81.03069097548348,79.77244749700485,80.63385772705078,1429800,0.0,0.0
2025-11-17,80.28540993190109,80.38220355832465,77.488245444413,77.51728057861328,963400,0.0,0.0
2025-11-18,77.06239612148464,77.88509037990941,76.80106510564552,77.56568908691406,721300,0.0,0.0
2025-11-19,77.44953995593427,77.44953995593427,75.63961409212752,76.152587890625,908000,0.0,0.0
2025-11-20,76.22033903427909,76.7042776948142,74.43944830798252,75.12664031982422,866100,0.0,0.0
2025-11-21,75.45570350729835,76.70426594636027,75.42666837360429,76.56876373291016,747200,0.0,0.0
2025-11-24,76.7333124208593,76.85914119788616,75.78479678652255,76.80106353759766,3444900,0.0,0.0
2025-11-25,77.37211424146605,77.74474168774466,76.76234681243227,77.53665161132812,960400,0.0,0.0
2025-11-26,77.70118640161239,78.01090683402485,76.98495928621811,77.9721908569336,690000,0.0,0.0
2025-11-27,78.14641103422122,78.25287812783016,77.96251936879302,78.08834075927734,207400,0.0,0.0
2025-11-28,78.00123137574337,79.04654067638067,77.62375980345514,78.68843078613281,1590000,0.0,0.0
2025-12-01,79.03687174186021,81.76628570458976,78.89168865552298,81.54367065429688,2242500,0.0,0.0
2025-12-02,81.62110025494717,81.62110025494717,79.36594421418573,80.20800018310547,2631000,0.0,0.0
2025-12-03,80.29510127200429,81.15651149274305,80.29510127200429,81.08876037597656,758000,0.0,0.0
2025-12-04,80.87582385262002,81.70336218327006,80.62418107435441,81.05972290039062,4128400,0.0,0.0
2025-12-05,81.14683115426922,82.41475546777326,80.3531720453842,80.7209701538086,757100,0.0,0.0
2025-12-08,80.45963705878532,80.63385526765597,78.93039654127364,79.29818725585938,2392600,0.0,0.0
2025-12-09,79.3272195381897,79.346581218655,78.1270538004528,78.61099243164062,1789600,0.0,0.0
2025-12-10,78.39806315747632,79.02718489424558,77.80765739974248,78.76585388183594,2241200,0.0,0.0
2025-12-11,78.65939433763828,82.74383821404788,78.591643213901,81.2823486328125,1872600,0.0,0.0
2025-12-12,81.8533905469712,83.78914532626276,81.76628512637593,83.68267822265625,1579100,0.0,0.0
2025-12-15,83.11163050732765,83.12130396409582,79.075576355241,82.4244384765625,2429600,0.0,0.0
2025-12-16,82.22117257889442,83.23744668399587,81.95984896049794,82.26956939697266,1573600,0.0,0.0
2025-12-17,82.27925217524171,84.52472723864688,82.26957133453453,84.43761444091797,2421500,0.0,0.0
2025-12-18,85.17320431686831,85.17320431686831,81.92113592493335,82.21150207519531,2843900,0.0,0.0
2025-12-19,82.72447768930296,83.7601061509603,82.49218919458754,83.07291412353516,4284700,0.0,0.0
2025-12-22,83.23744252065292,83.63427573295624,82.85997098833953,83.43101501464844,3315200,0.0,0.0
2025-12-23,83.18905826032274,84.65055517881282,83.1793848031851,84.3311538696289,2291700,0.0,0.0
2025-12-24,84.2053323706684,84.63120078242149,83.8568959218374,84.05046844482422,402400,0.0,0.0
2025-12-29,83.66331010779382,83.8084857848116,83.00515329615006,83.14065551757812,3759800,0.0,0.0
2025-12-30,83.30519953638844,83.92464042225888,82.83094172346341,82.85029602050781,2063400,0.0,0.0
2025-12-31,82.92450743836946,83.04167650249062,82.30938661251888,82.71946716308594,907700,0.746,0.0
2026-01-02,83.09048975647937,84.78940018266233,82.75852192172869,84.74058532714844,1183300,0.0,0.0
2026-01-05,84.90657236019472,84.92610426250727,82.74875900742012,83.47128295898438,2806900,0.0,0.0
2026-01-06,83.01237696224906,83.43222345526873,81.55756316286191,81.77236938476562,3311200,0.0,0.0
2026-01-07,81.87977924737197,82.28985982341834,79.3704660331285,79.8196029663086,2775900,0.0,0.0
2026-01-08,79.57550009425195,82.15315986946415,79.57550009425195,80.97173309326172,1813000,0.0,0.0
2026-01-09,81.77236412110436,82.8463877122505,81.07913064455333,81.31346130371094,1806600,0.0,0.0
2026-01-12,81.28417469858705,82.51442375278465,80.01486929116629,80.42495727539062,2254800,0.0,0.0
2026-01-13,81.10842846539447,83.38341086015319,80.39566302332315,83.10025787353516,1647400,0.0,0.0
2026-01-14,86.36138127846816,89.75920951055227,86.10752615681898,89.73968505859375,3072300,0.0,0.0
2026-01-15,89.73969507194681,92.14160518969011,89.44677611522069,92.04396057128906,1842300,0.0,0.0
2026-01-16,90.57937566333923,90.79418189312852,89.33936804033488,90.1985855102539,1965800,0.0,0.0
2026-01-19,90.3157580599894,90.33528251379695,89.56394367596575,90.1107177734375,349100,0.0,0.0
2026-01-20,90.11071422877615,91.44836646374456,89.86661759497274,90.79418182373047,2072100,0.0,0.0
2026-01-21,91.47765668930984,93.44995420892567,90.75512529121107,92.7762451171875,2129100,0.0,0.0
2026-01-22,92.6200227838954,93.86003034513766,91.63387034590731,91.70221710205078,1793600,0.0,0.0
2026-01-23,92.58096853063913,94.82666048213137,92.44427501525138,94.81689453125,1864600,0.0,0.0
2026-01-26,95.68587946206826,96.0471451580895,93.4499534256277,93.98696899414062,2244200,0.0,0.0
2026-01-27,94.46538626614756,95.91044144741812,93.23513728945316,93.25466918945312,1247900,0.0,0.0
2026-01-28,93.9967289338076,95.71517133009797,93.84539021197656,94.73878479003906,2435500,0.0,0.0
2026-01-29,95.39295792538397,96.34005402082319,93.29373291296336,93.65499114990234,3183100,0.0,0.0
2026-01-30,92.75670735677083,92.90316680560261,90.56960392172387,91.53622436523438,2622900,0.0,0.0
2026-02-02,91.14567940394093,93.17656513668659,91.07733264607151,91.64363861083984,1795700,0.0,0.0
2026-02-03,92.07324769239686,93.99672279329835,91.79009472036869,93.71357727050781,1635400,0.0,0.0
2026-02-04,94.2310602762133,95.3734306579414,92.79577097388116,95.31484985351562,2667100,0.0,0.0
2026-02-05,94.20177004392423,94.4995682156884,90.481732522188,90.95040130615234,2223300,0.0,0.0
2026-02-06,90.95040389988601,91.72175012824361,90.4524446994551,91.47765350341797,2111100,0.0,0.0
2026-02-09,91.62410053284795,93.07892170109042,91.57528568008195,92.79576873779297,1359500,0.0,0.0
2026-02-10,93.15703817425718,94.40681168404812,92.35639410473227,94.08460235595703,1513500,0.0,0.0
2026-02-11,95.0414588103741,96.82824790214018,94.31893488254198,96.80872344970703,1199100,0.0,0.0
2026-02-12,97.38478415339834,97.4336064564537,93.24490761822894,93.53782653808594,1325500,0.0,0.0
2026-02-13,93.5182998882107,94.39704924788583,92.75671959290494,94.19200897216797,636200,0.0,0.0
2026-02-17,93.88932749575395,93.97719870332297,92.27828831384944,93.10821533203125,1326000,0.0,0.0
2026-02-18,93.73309617503841,94.78759529482451,93.24490296579341,94.05530548095703,751900,0.0,0.0
2026-02-19,93.53783192989782,96.43769364729887,92.87388879595609,95.96903228759766,1204400,0.0,0.0
2026-02-20,96.35959025471819,97.58007343273727,93.25468075186814,95.12934112548828,920200,0.0,0.0
2026-02-23,95.02192915631886,96.51579923514639,94.61184863453042,96.154541015625,731300,0.0,0.0
2026-02-24,96.29123545320206,97.83392039996379,96.12524409343281,97.31643676757812,925500,0.0,0.0
2026-02-25,98.18542454799848,98.29282765947542,95.23674058089485,96.80872344970703,1634200,0.0,0.0
2026-02-26,96.2717067323112,98.00967349819626,95.9397389002827,97.6288833618164,1165200,0.0,0.0
2026-02-27,98.2342544695358,100.79726924359593,97.11140841200461,100.16749572753906,2157000,0.0,0.0
2026-03-02,102.11049710680967,103.8631090032305,99.94291798790773,101.10482025146484,1774100,0.0,0.0
2026-03-03,100.60687036530814,101.37821662880528,97.86322656103414,99.27898406982422,1649600,0.0,0.0
2026-03-04,99.31803369230795,99.91363003957672,96.58414857536158,98.0682601928711,920400,0.0,0.0
2026-03-05,97.55077534863055,99.59141948599384,97.23832452838683,99.28874206542969,1380300,0.0,0.0
2026-03-06,100.14795857153315,102.6768033681357,99.00558820494517,101.09505462646484,2404100,0.0,0.0
2026-03-09,101.89569545925013,103.44814641440044,100.3237126025797,100.58733367919922,1923900,0.0,0.0
2026-03-10,99.99174583712984,101.71994667823138,99.63048014752651,100.95836639404297,1972400,0.0,0.0
2026-03-11,101.63207374633329,105.17636173681385,101.53443657990084,105.15682983398438,1781500,0.0,0.0
2026-03-12,109.32599623867334,113.50492921487857,109.09166556737112,111.70838165283203,2944100,0.0,0.0
2026-03-13,113.32917972214891,114.18839715257722,110.36096389534507,111.10301971435547,2014100,0.0,0.0
2026-03-16,108.07621740121152,108.07621740121152,103.36026910933538,103.91680908203125,2066100,0.0,0.0
2026-03-17,104.71744744328848,106.80691386393352,104.32689137090192,106.44564819335938,1602500,0.0,0.0
2026-03-18,106.41636643300816,107.54897838997837,103.28216654753027,104.4440689086914,1792300,0.0,0.0
2026-03-19,104.65886878495385,105.81100512503004,101.39773408030261,102.03238677978516,2465900,0.0,0.0
2026-03-20,101.96403946308537,101.96403946308537,99.35708937336855,100.26512908935547,4191000,0.0,0.0
2026-03-23,98.51740601560451,98.87866427757196,96.71109235805227,97.63865661621094,1745900,0.0,0.0
2026-03-24,98.54669457777115,103.84847383085138,98.54669457777115,103.22358703613281,3468600,0.0,0.0
2026-03-25,103.11617684020526,104.09256332107134,101.68576677213287,103.40909576416016,2100200,0.0,0.0
2026-03-26,102.49129094167458,105.00060392042201,99.05440632883933,99.62071228027344,2939300,0.0,0.0
2026-03-27,100.33347894625591,102.66704208811876,99.8062293417143,102.55963897705078,1619400,0.0,0.0
2026-03-30,104.30737432345603,105.40092246467641,103.1845283291061,104.07303619384766,1944200,0.0,0.0
2026-03-31,103.40035303282045,104.54116327514278,100.93188139019158,103.27250671386719,3450100,0.766,0.0
2026-04-01,102.62342424632172,102.82994868764715,99.6828988629379,101.88583374023438,1517500,0.0,0.0
2026-04-02,104.24612838357505,105.21974578363151,102.32839600419737,103.38069152832031,1783400,0.0,0.0
2026-04-06,103.17415939137538,104.60016464380853,102.23003697925219,103.69538879394531,1289600,0.0,0.0
2026-04-07,104.45264423082898,106.75393039974392,104.45264423082898,105.23941040039062,1381000,0.0,0.0
2026-04-08,98.87646590235148,102.23004013534924,96.26047466501633,101.98417663574219,1482300,0.0,0.0
2026-04-09,102.16119456516337,103.62654636642449,98.10936905589126,99.01414489746094,1889300,0.0,0.0
2026-04-10,99.86975740766286,101.09907491635806,98.92563495820534,100.44015502929688,944800,0.0,0.0
2026-04-13,101.78749439638466,102.40706774809499,100.46966956803472,100.89254760742188,1329500,0.0,0.0
2026-04-14,100.39099186412416,100.79420412554947,98.09954211227232,99.79108428955078,1059800,0.0,0.0
2026-04-15,100.17462281732135,100.3614814741856,98.46341499617841,99.13216400146484,1039200,0.0,0.0
2026-04-16,99.52554540207188,100.66635568489119,99.36819665801751,100.45983123779297,1287100,0.0,0.0
2026-04-17,97.36194131540698,97.36194131540698,93.2068498659619,95.149169921875,2648200,0.0,0.0
2026-04-20,95.67040308043698,96.15229343532626,95.0803321862438,95.54255676269531,1571800,0.0,0.0
2026-04-21,95.36553516245245,97.88317499040515,95.36553516245245,97.64714813232422,886300,0.0,0.0
2026-04-22,98.13887693168937,98.4437452749386,95.9162687597481,96.1621322631836,1505100,0.0,0.0
2026-04-23,96.67353185811442,97.47012720251617,96.07362431378564,97.23410034179688,1640900,0.0,0.0
2026-04-24,97.22426055444512,97.37178015130509,94.98198669228043,96.24080657958984,1470000,0.0,0.0
2026-04-27,97.85367998365506,98.95515124340231,96.28015497198689,96.98824310302734,1796600,0.0,0.0
2026-04-28,98.32572934161689,98.97480504776169,97.45044842215002,98.16837310791016,1909700,0.0,0.0
2026-04-29,98.94530752222639,100.5089957804254,98.5912634820382,99.75173950195312,1042200,0.0,0.0
2026-04-30,100.36148417228719,102.28905312095478,100.10086946131675,101.5416259765625,1961000,0.0,0.0
2026-05-01,101.1777498347,101.63997443811994,98.97481486637498,100.54833984375,663200,0.0,0.0
2026-05-04,100.68601494257764,102.38739361536433,99.6484707020907,101.49244689941406,1483300,0.0,0.0
2026-05-05,101.30559718678285,104.14777860573459,101.14824094752537,103.49869537353516,1563500,0.0,0.0
2026-05-06,100.89253749852759,100.89253749852759,98.38473441873707,99.1419906616211,1988400,0.0,0.0
2026-05-07,96.36866048810295,96.57518493871568,91.71692702229456,91.74642944335938,2337700,0.0,0.0
2026-05-08,91.87426612866642,93.32978127479535,91.7955880119766,91.94310760498047,1223200,0.0,0.0
2026-05-11,92.23815661198671,96.59485837071657,92.23815661198671,95.92610931396484,951800,0.0,0.0
2026-05-12,96.43749891966958,97.548806765668,94.26406643315588,97.00790405273438,1256900,0.0,0.0
2026-05-13,97.42095129047003,97.99135641387153,95.55239468433739,96.1031265258789,777800,0.0,0.0
2026-05-14,95.97527176289057,97.07674293833993,95.28685696770881,95.72940826416016,655300,0.0,0.0
2026-05-15,95.99494714954214,96.88005726501213,95.32128354925938,96.821044921875,729100,0.0,0.0
2026-05-19,96.821044921875,97.64715019736654,95.09017125513226,96.821044921875,1084700,0.0,0.0
2026-05-20,96.37848651722068,96.38832315754549,94.49025674539635,94.77545928955078,985700,0.0,0.0
2026-05-21,95.76874942635838,96.36865697668063,94.71645392882176,95.218017578125,1043800,0.0,0.0
2026-05-22,95.34586199452961,96.968562589984,94.35257885997292,95.25735473632812,888000,0.0,0.0
2026-05-25,95.20817530765531,95.83758524075195,94.9328093998203,95.02132415771484,315300,0.0,0.0
2026-05-26,94.87381028095264,95.7490837563877,94.85413699883124,95.0606689453125,660500,0.0,0.0
2026-05-27,94.09687866838125,94.79513010539208,92.32665847373511,93.4969711303711,1392400,0.0,0.0
2026-05-28,93.77233491191058,94.70662068902233,93.4379641622964,94.48042297363281,725600,0.0,0.0
2026-05-29,93.91986170278447,94.18539099469037,92.1693146956359,92.847900390625,3378500,0.0,0.0
2026-06-01,93.78217335841227,95.07049568803482,93.2314415234271,94.75579071044922,1199400,0.0,0.0
2026-06-02,94.86397510533688,95.73924859429303,93.05442328646625,93.2314453125,1700700,0.0,0.0
2026-06-03,93.62482208636006,95.50322291389904,92.91674147658614,94.10671997070312,765300,0.0,0.0
2026-06-04,93.64449336639258,95.02133050063325,93.20193455369446,94.30340576171875,2159000,0.0,0.0
2026-06-05,93.98869844845898,94.17555710940726,91.67758304986316,92.08079528808594,1528900,0.0,0.0
2026-06-08,92.66103550851916,93.37895271457096,92.04145469700882,92.46434020996094,2276500,0.0,0.0
2026-06-09,92.29715183560624,92.64135921795472,89.90735843364659,90.99899291992188,1636400,0.0,0.0
2026-06-10,89.2779541015625,90.28108139661302,88.85506857583702,89.2779541015625,1896200,0.0,0.0
2026-06-11,89.98603531067637,91.78575781764785,89.84343779108181,90.12371826171875,2288300,0.0,0.0
2026-06-12,89.98603617595815,93.15275908669936,89.98603617595815,93.0445785522461,1745700,0.0,0.0
2026-06-15,91.1858615847263,91.8054349409883,90.4384343987252,91.14652252197266,2345700,0.0,0.0
2026-06-16,90.67445627964013,90.83672709087978,89.15994371438725,90.19256591796875,1369200,0.0,0.0
2026-06-17,90.44826677806854,90.75313512109436,89.218949261792,89.2779541015625,719400,0.0,0.0
2026-06-18,88.619037917663,88.80589657314384,86.73080809430128,87.28153991699219,2164500,0.0,0.0
2026-06-19,87.31104716665547,87.72409605652823,86.58329328880937,87.26187896728516,2455300,0.0,0.0
2026-06-22,87.48806881613126,87.52740787735407,86.32759277111415,86.76031494140625,1409000,0.0,0.0
2026-06-23,85.56050100273416,86.57345745777835,85.45232045868488,85.87520599365234,5023300,0.0,0.0
2026-06-24,84.9605871702739,86.0768095179408,84.33117723489586,84.51803588867188,1418300,0.0,0.0
2026-06-25,84.21316135006695,85.31463250545306,83.54933441748153,85.07860565185547,740900,0.0,0.0
2026-06-26,84.57704013352277,86.20957730040672,84.53770107494215,85.1179428100586,2187600,0.0,0.0
2026-06-29,84.69505902350565,85.64408850781273,83.43623163292145,85.5506591796875,1914900,0.0,0.0
2026-06-30,90.36461954051856,90.36461954051856,87.9134804392921,88.66767883300781,5324000,0.781,0.0
2026-07-02,88.56844118313643,91.7539270667335,88.56844118313643,91.46614074707031,1583400,0.0,0.0
2026-07-03,91.44630267296168,92.06156322861304,91.1982117853905,91.21805572509766,532600,0.0,0.0
2026-07-06,91.54553661307251,92.28980926846334,90.2455427977524,91.08905029296875,2498300,0.0,0.0
2026-07-07,91.16843994513356,92.55774282593637,90.60775212965271,91.982177734375,2342200,0.0,0.0
2026-07-08,93.15316446336571,94.22491128922157,92.09133582129357,93.76842498779297,1479800,0.0,0.0
2026-07-09,93.28217069698813,93.56995702575945,90.72187100333934,90.80126190185547,1797300,0.0,0.0
2026-07-10,91.40660400323624,92.00202059821093,90.34477534467266,91.83332061767578,1271400,0.0,0.0
2026-07-13,92.8951485462327,95.14781037704338,92.82568340355043,94.92949676513672,2498300,0.0,0.0
2026-07-14,94.97910851407862,96.67604916977497,94.81040853821506,95.73330688476562,1882700,0.0,0.0
2026-07-15,95.98140197587857,96.43788829182223,93.68904464092823,95.25697326660156,1090700,0.0,0.0
2026-07-16,93.26232348634328,94.23483546008583,92.47835542604652,93.55010223388672,974700,0.0,0.0
2026-07-17,93.1928581125365,94.61689728466808,93.09361570755426,93.51041412353516,1188200,0.0,0.0
2026-07-20,93.43102681732515,93.53026165498716,92.10125576502911,92.94477081298828,2582200,0.0,0.0
2026-07-21,93.25239741129174,94.27453058413856,92.10125214054182,93.50048828125,1745100,0.0,0.0
2026-07-22,94.65162625535925,96.20963662037008,94.27453085753682,95.6638412475586,1012200,0.0,0.0
2026-07-23,96.40811444744946,97.63864305359715,95.28673885962361,95.74323272705078,742300,0.0,0.0
2026-07-24,95.71346057152431,95.88216812767968,94.51270159456547,95.39590454101562,1357900,0.0,0.0
2026-07-27,93.33178838597219,95.0882684154693,92.11117797344316,94.5722427368164,1891100,0.0,0.0
2026-07-28,94.78064201358524,97.51955988041509,94.72606171708321,97.25162506103516,2147200,0.0,0.0
2026-07-29,98.20429386363647,98.5020059506148,97.41040758358238,98.42261505126953,1353400,0.0,0.0
2026-07-30,98.18444925814589,98.6111658753152,96.48750854460273,98.33329772949219,928400,0.0,0.0
2026-07-31,97.96612684549186,98.50200404902799,95.95163013307605,96.0210952758789,1160200,0.0,0.0
2026-08-04,92.81575497046515,93.96690024013682,90.89553406154923,93.49056243896484,1674700,0.0,0.0
2026-08-05,94.12567977780346,94.66155699522392,91.93255727405278,93.1630859375,1983800,0.0,0.0
2026-08-06,90.35470114052436,93.16308413613024,88.81653466260711,92.90507507324219,1664900,0.0,0.0
2026-08-07,90.90049288140646,91.32720947890375,89.09439165805033,89.20355224609375,1982800,0.0,0.0
2026-08-10,89.51118491984509,91.73408461722678,89.46157128738707,91.6745376586914,1398300,0.0,0.0
2026-08-11,92.25011134545379,93.27224455340999,91.9524068339575,92.88522338867188,904800,0.0,0.0
2026-08-12,92.11118077084113,92.91499279183739,91.09897332111002,92.84552764892578,953300,0.0,0.0
2026-08-13,92.84553008256077,93.4508724457145,92.4188134588808,93.18293762207031,744000,0.0,0.0
2026-08-14,93.53026134584458,94.37376881988293,93.1779689665061,93.97682189941406,785000,0.0,0.0
2026-08-17,93.86766159713265,94.57224635798732,93.53026163492758,94.01651763916016,558300,0.0,0.0
2026-08-18,95.26689434024772,95.79284577470331,94.84017773983673,95.6638412475586,841900,0.0,0.0
2026-08-19,95.99132942688621,98.02567015967371,95.87224307539731,96.56689453125,1072000,0.0,0.0
2026-08-20,96.87452719545107,100.88367662742651,96.82490599220297,100.0997085571289,1179000,0.0,0.0
2026-08-21,100.33787845769274,103.12641759129578,100.23864361760027,102.91802215576172,1469800,0.0,0.0
2026-08-24,102.75924198246284,104.42641294144272,101.05237557551526,102.08443450927734,1065300,0.0,0.0
2026-08-25,99.83176480502789,100.63558437405999,98.61116196163464,99.9111557006836,1110400,0.0,0.0
2026-08-26,99.54398148606947,102.08443722567301,99.33558605704329,101.39970397949219,791300,0.0,0.0
2026-08-27,100.65543275544178,100.88367969774386,99.22642685509138,100.52642822265625,1136700,0.0,0.0
2026-08-28,101.0523789590535,103.20580597825875,100.82413201838007,101.49893951416016,1054400,0.0,0.0
2026-08-31,103.20580674716089,104.57526568800577,102.49130379676083,103.74168395996094,2722700,0.0,0.0
2026-09-01,104.95236870461282,107.53251235982847,103.99970062750857,106.95693969726562,2130500,0.0,0.0
2026-09-02,106.0836635534739,110.8569297407093,105.59740754056389,110.3111343383789,1560400,0.0,0.0
2026-09-03,110.5592255415446,110.73784371032126,108.81266359255436,110.36074829101562,1049700,0.0,0.0
2026-09-04,108.3363247691593,109.90426096386467,107.80044755434358,109.15006256103516,1238700,0.0,0.0
2026-09-08,109.64624599278447,111.74013367891497,109.5073157021426,110.45006561279297,1882000,0.0,0.0
2026-09-09,111.58135394870287,112.90119164474434,110.10272688797428,110.7576904296875,1840000,0.0,0.0
2026-09-10,110.96609091951115,111.6012029804482,108.11800482949474,108.2569351196289,1579700,0.0,0.0
2026-09-11,108.04853768570909,109.6164738695139,107.38365594220436,107.96915435791016,1344800,0.0,0.0
2026-09-14,109.11036902751613,109.11036902751613,105.98442990955849,106.20274353027344,2006300,0.0,0.0
2026-09-15,106.73861694680376,109.56685901340933,105.97450037372727,108.87220001220703,1969100,0.0,0.0
2026-09-16,108.4256392976383,108.76303925712836,106.95693797052233,107.78060150146484,1373800,0.0,0.0
2026-09-17,107.42334841518706,110.1523480285059,107.42334841518706,109.6859359741211,1454000,0.0,0.0
2026-09-18,110.2218178324557,110.2218178324557,106.57984546607072,107.12564086914062,3649200,0.0,0.0
2026-09-21,106.66915294634332,107.01647866509835,101.7768004760716,103.69206237792969,2982800,0.0,0.0
2026-09-22,102.81878238181619,106.19281978098458,102.21344004382718,105.41877746582031,6848800,0.0,0.0
2026-09-23,105.26992612514343,106.12335937511142,104.56534892038064,105.01190948486328,1722300,0.0,0.0
2026-09-24,105.54778618901386,106.39129367954307,103.5035197296624,103.87068939208984,4026800,0.0,0.0
2026-09-25,103.24550080670117,103.25542656174889,99.34551189755261,101.40962982177734,2354700,0.0,0.0
2026-09-28,101.64779366076233,101.86611484225722,100.73482105735889,101.23100280761719,3478200,0.0,0.0
2026-09-29,100.05999755859375,102.69000244140625,99.95999908447266,101.0,5869000,0.779,0.0
2026-09-30,101.27999877929688,101.77999877929688,99.91999816894531,99.94000244140625,1166800,0.0,0.0
2026-10-01,99.68000030517578,99.69999694824219,96.80999755859375,99.2699966430664,2092400,0.0,0.0
2026-10-02,98.58000183105469,100.875,98.5,99.97000122070312,1041800,0.0,0.0
2026-10-05,99.5,100.13999938964844,97.44000244140625,100.0999984741211,2209200,0.0,0.0
2026-10-06,99.2300033569336,101.87999725341797,99.2300033569336,101.3499984741211,1111500,0.0,0.0
2026-10-07,102.12999725341797,103.58999633789062,99.51000213623047,99.83000183105469,1299500,0.0,0.0
